{"cameraMode":{"drawMode":0,"name":"Shaded","section":"Shading Mode"},"sceneLighting":false,"audioPlay":false,"sceneViewState":{"showFog":true,"showMaterialUpdate":false,"showSkybox":false,"showFlares":true,"showImageEffects":true,"showParticleSystems":true},"in2DMode":false,"pivot":{"x":0.5854110717773438,"y":-0.2628517150878906,"z":4.433154106140137},"rotation":{"x":0.28522440791130068,"y":0.2657262980937958,"z":-0.08263570070266724,"w":0.91717928647995},"size":1.1660254001617432,"orthographic":false}